<?xml version="1.0" encoding="utf-8"?>
<Defs>

	<HairDef>
		<label>BHMP_BackLayerDemo</label>
		<hairGender>Any</hairGender>
		<texPath>Hairs/BHMP_BackLayerDemo/test</texPath>
		<defName>BHMP_BackLayerDemo</defName>
			<hairTags>
				<li>Urban</li>
				<li>Rural</li>
				<li>Tribal</li>
			</hairTags>
	</HairDef>
	
	<HairDef>
		<label>BHMP_HairMaskDemo</label>
		<hairGender>Any</hairGender>
		<texPath>Hairs/BHMP_HairMaskDemo/HairMaskDemo</texPath>
		<defName>BHMP_HairMaskDemo</defName>
			<hairTags>
				<li>Urban</li>
				<li>Rural</li>
				<li>Tribal</li>
			</hairTags>
	</HairDef>
	
	<HairDef>
		<label>BHMP_DualColorDemo</label>
		<hairGender>Any</hairGender>
		<texPath>Hairs/BHMP_DualColorDemo/DualColorDemo</texPath>
		<defName>BHMP_DualColorDemo</defName>
			<hairTags>
				<li>Urban</li>
				<li>Rural</li>
				<li>Tribal</li>
			</hairTags>
	</HairDef>
	
	<HairDef>
		<label>Hamefura_Catarina</label>
		<hairGender>Any</hairGender>
		<texPath>Hairs/Hamefura_Catarina/Hamefura_Catarina</texPath>
		<defName>Hamefura_Catarina</defName>
			<hairTags>
				<li>Urban</li>
				<li>Rural</li>
				<li>Tribal</li>
			</hairTags>
	</HairDef>
	
	<HairDef>
		<label>Hamefura_Maria</label>
		<hairGender>Any</hairGender>
		<texPath>Hairs/Hamefura_Maria/Hamefura_Maria</texPath>
		<defName>Hamefura_Maria</defName>
			<hairTags>
				<li>Urban</li>
				<li>Rural</li>
				<li>Tribal</li>
			</hairTags>
	</HairDef>
	
</Defs>