<?xml version="1.0" encoding="utf-8"?>
<ModMetaData>
	<packageId>Butterfish.Hair.Demo</packageId>
	<name>Hair Modding Plus - Hair Samples</name>
	<author>Butterfish</author>
	<supportedVersions>
		<li>1.1</li>
		<li>1.2</li>
		</supportedVersions>
	<description>
This mod contains hair samples meant for use with Hair Modding Plus, for demonstration purposes.
		
Visit https://github.com/TheButterfish/HairModdingPlus for more information.
	</description>
	<modDependencies>
    <li>
        <packageId>Butterfish.HairModdingPlus</packageId>
        <displayName>Hair Modding Plus</displayName>
        <steamWorkshopUrl>steam://url/CommunityFilePage/2114832515</steamWorkshopUrl>
        <downloadUrl>https://github.com/TheButterfish/HairModdingPlus</downloadUrl>
    </li>
	</modDependencies>
	<loadAfter>
		<li>Butterfish.HairModdingPlus</li>
	</loadAfter>
	<url>https://github.com/TheButterfish/HairModdingPlus</url>
</ModMetaData>