<?xml version="1.0" encoding="utf-8"?>
<Defs>

	<HairDef>
		<label>Test</label>
		<hairGender>Any</hairGender>
		<texPath>Hairs/test</texPath>
		<defName>Test</defName>
			<hairTags>
				<li>Urban</li>
			</hairTags>
	</HairDef>
	
	<HairDef>
		<label>Demo</label>
		<hairGender>Any</hairGender>
		<texPath>Hairs/demo</texPath>
		<defName>Demo</defName>
			<hairTags>
				<li>Urban</li>
			</hairTags>
	</HairDef>
	
	<HairDef>
		<label>Demo 2</label>
		<hairGender>Any</hairGender>
		<texPath>Hairs/demo2</texPath>
		<defName>Demo 2</defName>
			<hairTags>
				<li>Urban</li>
			</hairTags>
	</HairDef>
	
</Defs>